Email,Lastname,Password,Country,Avatar,IP
Oral.Armstrong@example.net,Hackett,ufyo5menuTU_zAg,Palestinian Territory,https://cdn.fakercloud.com/avatars/panghal0_128.jpg,136.51.246.100
Charley21@example.com,Shanahan,_YaoZ4pZ2sGV3nT,Syrian Arab Republic,https://cdn.fakercloud.com/avatars/krasnoukhov_128.jpg,84.24.130.152
Kaylah.Ryan62@example.com,Cruickshank,aC_zPfyyrBCCVQI,Heard Island and McDonald Islands,https://cdn.fakercloud.com/avatars/cocolero_128.jpg,136.233.2.239
Terrence_Stroman@example.org,Feeney,lVYy7LqasMSFLJl,Nicaragua,https://cdn.fakercloud.com/avatars/davidhemphill_128.jpg,53.42.242.190
Arnoldo_Gutmann87@example.org,Langosh,rblyirYDAsIlJsW,Slovenia,https://cdn.fakercloud.com/avatars/reabo101_128.jpg,203.101.253.230
Minerva_Koss@example.org,Flatley,WePvr1wZU1yMJMi,Cook Islands,https://cdn.fakercloud.com/avatars/louis_currie_128.jpg,83.206.128.218
Angel_MacGyver32@example.org,Quigley,MnCOd0FYkE5Hf8u,Barbados,https://cdn.fakercloud.com/avatars/jeremiespoken_128.jpg,236.66.148.174
Alena_McLaughlin72@example.org,Donnelly,vo3JhTpaLt0503H,Uruguay,https://cdn.fakercloud.com/avatars/mactopus_128.jpg,235.82.81.20
Kitty_Cole63@example.net,Stark,1qdqYBfqmtR4c8T,Somalia,https://cdn.fakercloud.com/avatars/imomenui_128.jpg,71.37.122.45
Kelsie.Smitham@example.com,Schumm,jWm8BdkDT5D4GpI,Micronesia,https://cdn.fakercloud.com/avatars/dvdwinden_128.jpg,142.82.137.3
